Workbook

Sheet Calculator
A1: AHA PREVENT Excel Calculator
A2: Implements the published simplified PREVENT equations from Circulation 149(6):430-449 (February 6, 2024), Supplemental Tables S12A-J.
A4: Inputs | D4: 10-year risk
A5: Sex | B5: Women | D5: Outcome | E5: Base | F5: UACR | G5: HbA1c | H5: SDI | I5: Full
A6: Age, years | B6: 50 | D6: Total CVD | E6: =IF($B$5="Women",1/(1+EXP(-SUMPRODUCT(Engine!$B$2:$B$33,INDIRECT("Coefficients!$B$2:$B$33")))),1/(1+EXP(-SUMPRODUCT(Engine!$B$2:$B$33,INDIRECT("Coefficients!$C$2:$C$33"))))) -> 0.14683939 | F6: =IF($B$5="Women",1/(1+EXP(-SUMPRODUCT(Engine!$B$2:$B$33,INDIRECT("Coefficients!$L$2:$L$33")))),1/(1+EXP(-SUMPRODUCT(Engine!$B$2:$B$33,INDIRECT("Coefficients!$M$2:$M$33"))))) -> 0.15992298 | G6: =IF($B$5="Women",1/(1+EXP(-SUMPRODUCT(Engine!$B$2:$B$33,INDIRECT("Coefficients!$V$2:$V$33")))),1/(1+EXP(-SUMPRODUCT(Engine!$B$2:$B$33,INDIRECT("Coefficients!$W$2:$W$33"))))) -> 0.13586705 | H6: =IF($B$5="Women",1/(1+EXP(-SUMPRODUCT(Engine!$B$2:$B$33,INDIRECT("Coefficients!$AF$2:$AF$33")))),1/(1+EXP(-SUMPRODUCT(Engine!$B$2:$B$33,INDIRECT("Coefficients!$AG$2:$AG$33"))))) -> 0.15654564 | I6: =IF($B$5="Women",1/(1+EXP(-SUMPRODUCT(Engine!$B$2:$B$33,INDIRECT("Coefficients!$AP$2:$AP$33")))),1/(1+EXP(-SUMPRODUCT(Engine!$B$2:$B$33,INDIRECT("Coefficients!$AQ$2:$AQ$33"))))) -> 0.15597625
A7: Total cholesterol, mg/dL | B7: 200 | D7: ASCVD | E7: =IF($B$5="Women",1/(1+EXP(-SUMPRODUCT(Engine!$B$2:$B$33,INDIRECT("Coefficients!$D$2:$D$33")))),1/(1+EXP(-SUMPRODUCT(Engine!$B$2:$B$33,INDIRECT("Coefficients!$E$2:$E$33"))))) -> 0.091950898 | F7: =IF($B$5="Women",1/(1+EXP(-SUMPRODUCT(Engine!$B$2:$B$33,INDIRECT("Coefficients!$N$2:$N$33")))),1/(1+EXP(-SUMPRODUCT(Engine!$B$2:$B$33,INDIRECT("Coefficients!$O$2:$O$33"))))) -> 0.099442723 | G7: =IF($B$5="Women",1/(1+EXP(-SUMPRODUCT(Engine!$B$2:$B$33,INDIRECT("Coefficients!$X$2:$X$33")))),1/(1+EXP(-SUMPRODUCT(Engine!$B$2:$B$33,INDIRECT("Coefficients!$Y$2:$Y$33"))))) -> 0.08349804 | H7: =IF($B$5="Women",1/(1+EXP(-SUMPRODUCT(Engine!$B$2:$B$33,INDIRECT("Coefficients!$AH$2:$AH$33")))),1/(1+EXP(-SUMPRODUCT(Engine!$B$2:$B$33,INDIRECT("Coefficients!$AI$2:$AI$33"))))) -> 0.10034803 | I7: =IF($B$5="Women",1/(1+EXP(-SUMPRODUCT(Engine!$B$2:$B$33,INDIRECT("Coefficients!$AR$2:$AR$33")))),1/(1+EXP(-SUMPRODUCT(Engine!$B$2:$B$33,INDIRECT("Coefficients!$AS$2:$AS$33"))))) -> 0.096389399
A8: HDL-C, mg/dL | B8: 45 | D8: Heart Failure | E8: =IF($B$5="Women",1/(1+EXP(-SUMPRODUCT(Engine!$B$2:$B$33,INDIRECT("Coefficients!$F$2:$F$33")))),1/(1+EXP(-SUMPRODUCT(Engine!$B$2:$B$33,INDIRECT("Coefficients!$G$2:$G$33"))))) -> 0.080560968 | F8: =IF($B$5="Women",1/(1+EXP(-SUMPRODUCT(Engine!$B$2:$B$33,INDIRECT("Coefficients!$P$2:$P$33")))),1/(1+EXP(-SUMPRODUCT(Engine!$B$2:$B$33,INDIRECT("Coefficients!$Q$2:$Q$33"))))) -> 0.089324091 | G8: =IF($B$5="Women",1/(1+EXP(-SUMPRODUCT(Engine!$B$2:$B$33,INDIRECT("Coefficients!$Z$2:$Z$33")))),1/(1+EXP(-SUMPRODUCT(Engine!$B$2:$B$33,INDIRECT("Coefficients!$AA$2:$AA$33"))))) -> 0.080566897 | H8: =IF($B$5="Women",1/(1+EXP(-SUMPRODUCT(Engine!$B$2:$B$33,INDIRECT("Coefficients!$AJ$2:$AJ$33")))),1/(1+EXP(-SUMPRODUCT(Engine!$B$2:$B$33,INDIRECT("Coefficients!$AK$2:$AK$33"))))) -> 0.088627509 | I8: =IF($B$5="Women",1/(1+EXP(-SUMPRODUCT(Engine!$B$2:$B$33,INDIRECT("Coefficients!$AT$2:$AT$33")))),1/(1+EXP(-SUMPRODUCT(Engine!$B$2:$B$33,INDIRECT("Coefficients!$AU$2:$AU$33"))))) -> 0.092652943
A9: Systolic BP, mmHg | B9: 160 | D9: Coronary Heart Disease | E9: =IF($B$5="Women",1/(1+EXP(-SUMPRODUCT(Engine!$B$2:$B$33,INDIRECT("Coefficients!$H$2:$H$33")))),1/(1+EXP(-SUMPRODUCT(Engine!$B$2:$B$33,INDIRECT("Coefficients!$I$2:$I$33"))))) -> 0.044096668 | F9: =IF($B$5="Women",1/(1+EXP(-SUMPRODUCT(Engine!$B$2:$B$33,INDIRECT("Coefficients!$R$2:$R$33")))),1/(1+EXP(-SUMPRODUCT(Engine!$B$2:$B$33,INDIRECT("Coefficients!$S$2:$S$33"))))) -> 0.048085742 | G9: =IF($B$5="Women",1/(1+EXP(-SUMPRODUCT(Engine!$B$2:$B$33,INDIRECT("Coefficients!$AB$2:$AB$33")))),1/(1+EXP(-SUMPRODUCT(Engine!$B$2:$B$33,INDIRECT("Coefficients!$AC$2:$AC$33"))))) -> 0.041083068 | H9: =IF($B$5="Women",1/(1+EXP(-SUMPRODUCT(Engine!$B$2:$B$33,INDIRECT("Coefficients!$AL$2:$AL$33")))),1/(1+EXP(-SUMPRODUCT(Engine!$B$2:$B$33,INDIRECT("Coefficients!$AM$2:$AM$33"))))) -> 0.048158892 | I9: =IF($B$5="Women",1/(1+EXP(-SUMPRODUCT(Engine!$B$2:$B$33,INDIRECT("Coefficients!$AV$2:$AV$33")))),1/(1+EXP(-SUMPRODUCT(Engine!$B$2:$B$33,INDIRECT("Coefficients!$AW$2:$AW$33"))))) -> 0.047364059
A10: Diabetes | B10: Yes | D10: Stroke | E10: =IF($B$5="Women",1/(1+EXP(-SUMPRODUCT(Engine!$B$2:$B$33,INDIRECT("Coefficients!$J$2:$J$33")))),1/(1+EXP(-SUMPRODUCT(Engine!$B$2:$B$33,INDIRECT("Coefficients!$K$2:$K$33"))))) -> 0.054007795 | F10: =IF($B$5="Women",1/(1+EXP(-SUMPRODUCT(Engine!$B$2:$B$33,INDIRECT("Coefficients!$T$2:$T$33")))),1/(1+EXP(-SUMPRODUCT(Engine!$B$2:$B$33,INDIRECT("Coefficients!$U$2:$U$33"))))) -> 0.058572839 | G10: =IF($B$5="Women",1/(1+EXP(-SUMPRODUCT(Engine!$B$2:$B$33,INDIRECT("Coefficients!$AD$2:$AD$33")))),1/(1+EXP(-SUMPRODUCT(Engine!$B$2:$B$33,INDIRECT("Coefficients!$AE$2:$AE$33"))))) -> 0.045702457 | H10: =IF($B$5="Women",1/(1+EXP(-SUMPRODUCT(Engine!$B$2:$B$33,INDIRECT("Coefficients!$AN$2:$AN$33")))),1/(1+EXP(-SUMPRODUCT(Engine!$B$2:$B$33,INDIRECT("Coefficients!$AO$2:$AO$33"))))) -> 0.058436324 | I10: =IF($B$5="Women",1/(1+EXP(-SUMPRODUCT(Engine!$B$2:$B$33,INDIRECT("Coefficients!$AX$2:$AX$33")))),1/(1+EXP(-SUMPRODUCT(Engine!$B$2:$B$33,INDIRECT("Coefficients!$AY$2:$AY$33"))))) -> 0.053691909
A11: Current smoking | B11: No
A12: BMI, kg/m2 | B12: 35
A13: eGFR, mL/min/1.73m2 | B13: 90 | D13: 30-year risk
A14: Anti-hypertension medication | B14: Yes | D14: Outcome | E14: Base | F14: UACR | G14: HbA1c | H14: SDI | I14: Full
A15: Statin use | B15: No | D15: Total CVD | E15: =IF($B$5="Women",1/(1+EXP(-SUMPRODUCT(Engine!$B$2:$B$33,INDIRECT("Coefficients!$AZ$2:$AZ$33")))),1/(1+EXP(-SUMPRODUCT(Engine!$B$2:$B$33,INDIRECT("Coefficients!$BA$2:$BA$33"))))) -> 0.52985039 | F15: =IF($B$5="Women",1/(1+EXP(-SUMPRODUCT(Engine!$B$2:$B$33,INDIRECT("Coefficients!$BJ$2:$BJ$33")))),1/(1+EXP(-SUMPRODUCT(Engine!$B$2:$B$33,INDIRECT("Coefficients!$BK$2:$BK$33"))))) -> 0.54156373 | G15: =IF($B$5="Women",1/(1+EXP(-SUMPRODUCT(Engine!$B$2:$B$33,INDIRECT("Coefficients!$BT$2:$BT$33")))),1/(1+EXP(-SUMPRODUCT(Engine!$B$2:$B$33,INDIRECT("Coefficients!$BU$2:$BU$33"))))) -> 0.50062119 | H15: =IF($B$5="Women",1/(1+EXP(-SUMPRODUCT(Engine!$B$2:$B$33,INDIRECT("Coefficients!$CD$2:$CD$33")))),1/(1+EXP(-SUMPRODUCT(Engine!$B$2:$B$33,INDIRECT("Coefficients!$CE$2:$CE$33"))))) -> 0.53470305 | I15: =IF($B$5="Women",1/(1+EXP(-SUMPRODUCT(Engine!$B$2:$B$33,INDIRECT("Coefficients!$CN$2:$CN$33")))),1/(1+EXP(-SUMPRODUCT(Engine!$B$2:$B$33,INDIRECT("Coefficients!$CO$2:$CO$33"))))) -> 0.51965518
A16: UACR, mg/g (optional) | B16: 40 | D16: ASCVD | E16: =IF($B$5="Women",1/(1+EXP(-SUMPRODUCT(Engine!$B$2:$B$33,INDIRECT("Coefficients!$BB$2:$BB$33")))),1/(1+EXP(-SUMPRODUCT(Engine!$B$2:$B$33,INDIRECT("Coefficients!$BC$2:$BC$33"))))) -> 0.3542552 | F16: =IF($B$5="Women",1/(1+EXP(-SUMPRODUCT(Engine!$B$2:$B$33,INDIRECT("Coefficients!$BL$2:$BL$33")))),1/(1+EXP(-SUMPRODUCT(Engine!$B$2:$B$33,INDIRECT("Coefficients!$BM$2:$BM$33"))))) -> 0.36322353 | G16: =IF($B$5="Women",1/(1+EXP(-SUMPRODUCT(Engine!$B$2:$B$33,INDIRECT("Coefficients!$BV$2:$BV$33")))),1/(1+EXP(-SUMPRODUCT(Engine!$B$2:$B$33,INDIRECT("Coefficients!$BW$2:$BW$33"))))) -> 0.3223879 | H16: =IF($B$5="Women",1/(1+EXP(-SUMPRODUCT(Engine!$B$2:$B$33,INDIRECT("Coefficients!$CF$2:$CF$33")))),1/(1+EXP(-SUMPRODUCT(Engine!$B$2:$B$33,INDIRECT("Coefficients!$CG$2:$CG$33"))))) -> 0.3669549 | I16: =IF($B$5="Women",1/(1+EXP(-SUMPRODUCT(Engine!$B$2:$B$33,INDIRECT("Coefficients!$CP$2:$CP$33")))),1/(1+EXP(-SUMPRODUCT(Engine!$B$2:$B$33,INDIRECT("Coefficients!$CQ$2:$CQ$33"))))) -> 0.34371373
A17: HbA1c, % (optional) | B17: 7.5 | D17: Heart Failure | E17: =IF($B$5="Women",1/(1+EXP(-SUMPRODUCT(Engine!$B$2:$B$33,INDIRECT("Coefficients!$BD$2:$BD$33")))),1/(1+EXP(-SUMPRODUCT(Engine!$B$2:$B$33,INDIRECT("Coefficients!$BE$2:$BE$33"))))) -> 0.38960227 | F17: =IF($B$5="Women",1/(1+EXP(-SUMPRODUCT(Engine!$B$2:$B$33,INDIRECT("Coefficients!$BN$2:$BN$33")))),1/(1+EXP(-SUMPRODUCT(Engine!$B$2:$B$33,INDIRECT("Coefficients!$BO$2:$BO$33"))))) -> 0.40659733 | G17: =IF($B$5="Women",1/(1+EXP(-SUMPRODUCT(Engine!$B$2:$B$33,INDIRECT("Coefficients!$BX$2:$BX$33")))),1/(1+EXP(-SUMPRODUCT(Engine!$B$2:$B$33,INDIRECT("Coefficients!$BY$2:$BY$33"))))) -> 0.38921346 | H17: =IF($B$5="Women",1/(1+EXP(-SUMPRODUCT(Engine!$B$2:$B$33,INDIRECT("Coefficients!$CH$2:$CH$33")))),1/(1+EXP(-SUMPRODUCT(Engine!$B$2:$B$33,INDIRECT("Coefficients!$CI$2:$CI$33"))))) -> 0.40434949 | I17: =IF($B$5="Women",1/(1+EXP(-SUMPRODUCT(Engine!$B$2:$B$33,INDIRECT("Coefficients!$CR$2:$CR$33")))),1/(1+EXP(-SUMPRODUCT(Engine!$B$2:$B$33,INDIRECT("Coefficients!$CS$2:$CS$33"))))) -> 0.40502303
A18: SDI decile 1-10 (optional) | B18: 8 | D18: Coronary Heart Disease | E18: =IF($B$5="Women",1/(1+EXP(-SUMPRODUCT(Engine!$B$2:$B$33,INDIRECT("Coefficients!$BF$2:$BF$33")))),1/(1+EXP(-SUMPRODUCT(Engine!$B$2:$B$33,INDIRECT("Coefficients!$BG$2:$BG$33"))))) -> 0.19818169 | F18: =IF($B$5="Women",1/(1+EXP(-SUMPRODUCT(Engine!$B$2:$B$33,INDIRECT("Coefficients!$BP$2:$BP$33")))),1/(1+EXP(-SUMPRODUCT(Engine!$B$2:$B$33,INDIRECT("Coefficients!$BQ$2:$BQ$33"))))) -> 0.20590406 | G18: =IF($B$5="Women",1/(1+EXP(-SUMPRODUCT(Engine!$B$2:$B$33,INDIRECT("Coefficients!$BZ$2:$BZ$33")))),1/(1+EXP(-SUMPRODUCT(Engine!$B$2:$B$33,INDIRECT("Coefficients!$CA$2:$CA$33"))))) -> 0.18211219 | H18: =IF($B$5="Women",1/(1+EXP(-SUMPRODUCT(Engine!$B$2:$B$33,INDIRECT("Coefficients!$CJ$2:$CJ$33")))),1/(1+EXP(-SUMPRODUCT(Engine!$B$2:$B$33,INDIRECT("Coefficients!$CK$2:$CK$33"))))) -> 0.21055632 | I18: =IF($B$5="Women",1/(1+EXP(-SUMPRODUCT(Engine!$B$2:$B$33,INDIRECT("Coefficients!$CT$2:$CT$33")))),1/(1+EXP(-SUMPRODUCT(Engine!$B$2:$B$33,INDIRECT("Coefficients!$CU$2:$CU$33"))))) -> 0.19812913
D19: Stroke | E19: =IF($B$5="Women",1/(1+EXP(-SUMPRODUCT(Engine!$B$2:$B$33,INDIRECT("Coefficients!$BH$2:$BH$33")))),1/(1+EXP(-SUMPRODUCT(Engine!$B$2:$B$33,INDIRECT("Coefficients!$BI$2:$BI$33"))))) -> 0.22100434 | F19: =IF($B$5="Women",1/(1+EXP(-SUMPRODUCT(Engine!$B$2:$B$33,INDIRECT("Coefficients!$BR$2:$BR$33")))),1/(1+EXP(-SUMPRODUCT(Engine!$B$2:$B$33,INDIRECT("Coefficients!$BS$2:$BS$33"))))) -> 0.22880498 | G19: =IF($B$5="Women",1/(1+EXP(-SUMPRODUCT(Engine!$B$2:$B$33,INDIRECT("Coefficients!$CB$2:$CB$33")))),1/(1+EXP(-SUMPRODUCT(Engine!$B$2:$B$33,INDIRECT("Coefficients!$CC$2:$CC$33"))))) -> 0.18828026 | H19: =IF($B$5="Women",1/(1+EXP(-SUMPRODUCT(Engine!$B$2:$B$33,INDIRECT("Coefficients!$CL$2:$CL$33")))),1/(1+EXP(-SUMPRODUCT(Engine!$B$2:$B$33,INDIRECT("Coefficients!$CM$2:$CM$33"))))) -> 0.23181016 | I19: =IF($B$5="Women",1/(1+EXP(-SUMPRODUCT(Engine!$B$2:$B$33,INDIRECT("Coefficients!$CV$2:$CV$33")))),1/(1+EXP(-SUMPRODUCT(Engine!$B$2:$B$33,INDIRECT("Coefficients!$CW$2:$CW$33"))))) -> 0.20767427
A20: Use Base when optional predictors are unavailable. Use the UACR, HbA1c, or SDI columns for the corresponding single enhanced model. The Full column includes all three optional predictors and published missing-indicator handling.
A21: The PREVENT paper excluded extreme values outside the ranges shown above and reports that Total CVD and ASCVD risks are less than the sum of component outcomes because a person can experience more than one event.

Sheet Sources
A1: Source | B1: Details
A2: Paper | B2: Khan SS, Matsushita K, Sang Y, et al. Development and Validation of the American Heart Association's PREVENT Equations. Circulation. 2024;149(6):430-449. PMID 37947085.
A3: PMC article | B3: https://pmc.ncbi.nlm.nih.gov/articles/PMC10910659/
A4: PubMed | B4: https://pubmed.ncbi.nlm.nih.gov/37947085/
A5: Supplemental tables | B5: https://pmc.ncbi.nlm.nih.gov/articles/instance/10910659/bin/NIHMS1953934-supplement-Supplemental_Tables.xlsx
A6: Workbook note | B6: This file uses the published simplified regression equations from Supplemental Tables S12A-J. Default inputs are the paper's worked example values.

Sheet Engine
A1: Term | B1: Derived value
A2: Age per 10 years | B2: =(Calculator!$B$6-55)/10
A3: Age per 10 years squared | B3: =((Calculator!$B$6-55)/10)^2
A4: non-HDL-C per 1 mmol/L | B4: =((Calculator!$B$7-Calculator!$B$8)*0.02586)-3.5
A5: HDL-C per 0.3 mmol/L | B5: =((Calculator!$B$8*0.02586)-1.3)/0.3
A6: SBP <110 per 20 mmHg | B6: =(MIN(Calculator!$B$9,110)-110)/20
A7: SBP ≥110 per 20 mmHg | B7: =(MAX(Calculator!$B$9,110)-130)/20
A8: Diabetes | B8: =IF(Calculator!$B$10="Yes",1,0)
A9: Current smoking | B9: =IF(Calculator!$B$11="Yes",1,0)
A10: BMI <30, per 5 kg/m2 | B10: =(MIN(Calculator!$B$12,30)-25)/5
A11: BMI 30+, per 5 kg/m2 | B11: =(MAX(Calculator!$B$12,30)-30)/5
A12: eGFR <60, per -15 ml | B12: =(MIN(Calculator!$B$13,60)-60)/-15
A13: eGFR 60+, per -15 ml | B13: =(MAX(Calculator!$B$13,60)-90)/-15
A14: Anti-hypertensive use | B14: =IF(Calculator!$B$14="Yes",1,0)
A15: Statin use | B15: =IF(Calculator!$B$15="Yes",1,0)
A16: Treated SBP ≥110 mm Hg per 20 mm Hg | B16: =((MAX(Calculator!$B$9,110)-130)/20)*IF(Calculator!$B$14="Yes",1,0)
A17: Treated non-HDL-C | B17: =((((Calculator!$B$7-Calculator!$B$8)*0.02586)-3.5))*IF(Calculator!$B$15="Yes",1,0)
A18: Age per 10yr * non-HDL-C per 1 mmol/L | B18: =(((Calculator!$B$6-55)/10)*(((((Calculator!$B$7-Calculator!$B$8)*0.02586)-3.5))))
A19: Age per 10yr * HDL-C per 0.3 mml/L | B19: =(((Calculator!$B$6-55)/10)*(((Calculator!$B$8*0.02586)-1.3)/0.3))
A20: Age per 10yr * SBP ≥110 mm Hg per 20 mmHg | B20: =(((Calculator!$B$6-55)/10)*((MAX(Calculator!$B$9,110)-130)/20))
A21: Age per 10yr * diabetes | B21: =(((Calculator!$B$6-55)/10)*IF(Calculator!$B$10="Yes",1,0))
A22: Age per 10yr * current smoking | B22: =(((Calculator!$B$6-55)/10)*IF(Calculator!$B$11="Yes",1,0))
A23: Age per 10yr * BMI 30+ per 5 kg/m2 | B23: =(((Calculator!$B$6-55)/10)*((MAX(Calculator!$B$12,30)-30)/5))
A24: Age per 10yr * eGFR <60, per -15 ml | B24: =(((Calculator!$B$6-55)/10)*((MIN(Calculator!$B$13,60)-60)/-15))
A25: SDI decile categories 4-6 vs. 1-3 | B25: =IF(AND(Calculator!$B$18<>"",Calculator!$B$18>=4,Calculator!$B$18<=6),1,0)
A26: SDI decile categories 7-10 vs. 1-3 | B26: =IF(AND(Calculator!$B$18<>"",Calculator!$B$18>=7,Calculator!$B$18<=10),1,0)
A27: Missing SDI | B27: =IF(Calculator!$B$18="",1,0)
A28: ln-UACR, mg/g, per 1 ln unit | B28: =IF(OR(Calculator!$B$16="",Calculator!$B$16=0),0,LN(Calculator!$B$16))
A29: Missing UACR/PCR/Dipstick | B29: =IF(Calculator!$B$16="",1,0)
A30: HbA1c in DM, per 1% | B30: =IF(Calculator!$B$17="",0,(Calculator!$B$17-5.3)*IF(Calculator!$B$10="Yes",1,0))
A31: HbA1c no DM, per 1% | B31: =IF(Calculator!$B$17="",0,(Calculator!$B$17-5.3)*(1-IF(Calculator!$B$10="Yes",1,0)))
A32: Missing HbA1c | B32: =IF(Calculator!$B$17="",1,0)
A33: Constant | B33: =1

Sheet Coefficients
A1: Term | B1: Base|10-year|Total CVD|Women | C1: Base|10-year|Total CVD|Men | D1: Base|10-year|ASCVD|Women | E1: Base|10-year|ASCVD|Men | F1: Base|10-year|Heart Failure|Women | G1: Base|10-year|Heart Failure|Men | H1: Base|10-year|Coronary Heart Disease|Women | I1: Base|10-year|Coronary Heart Disease|Men | J1: Base|10-year|Stroke|Women | K1: Base|10-year|Stroke|Men | L1: UACR|10-year|Total CVD|Women | M1: UACR|10-year|Total CVD|Men | N1: UACR|10-year|ASCVD|Women | O1: UACR|10-year|ASCVD|Men | P1: UACR|10-year|Heart Failure|Women | Q1: UACR|10-year|Heart Failure|Men | R1: UACR|10-year|Coronary Heart Disease|Women | S1: UACR|10-year|Coronary Heart Disease|Men | T1: UACR|10-year|Stroke|Women | U1: UACR|10-year|Stroke|Men | V1: HbA1c|10-year|Total CVD|Women | W1: HbA1c|10-year|Total CVD|Men | X1: HbA1c|10-year|ASCVD|Women | Y1: HbA1c|10-year|ASCVD|Men | Z1: HbA1c|10-year|Heart Failure|Women | AA1: HbA1c|10-year|Heart Failure|Men | AB1: HbA1c|10-year|Coronary Heart Disease|Women | AC1: HbA1c|10-year|Coronary Heart Disease|Men | AD1: HbA1c|10-year|Stroke|Women | AE1: HbA1c|10-year|Stroke|Men | AF1: SDI|10-year|Total CVD|Women | AG1: SDI|10-year|Total CVD|Men | AH1: SDI|10-year|ASCVD|Women | AI1: SDI|10-year|ASCVD|Men | AJ1: SDI|10-year|Heart Failure|Women | AK1: SDI|10-year|Heart Failure|Men | AL1: SDI|10-year|Coronary Heart Disease|Women | AM1: SDI|10-year|Coronary Heart Disease|Men | AN1: SDI|10-year|Stroke|Women | AO1: SDI|10-year|Stroke|Men | AP1: Full|10-year|Total CVD|Women | AQ1: Full|10-year|Total CVD|Men | AR1: Full|10-year|ASCVD|Women | AS1: Full|10-year|ASCVD|Men | AT1: Full|10-year|Heart Failure|Women | AU1: Full|10-year|Heart Failure|Men | AV1: Full|10-year|Coronary Heart Disease|Women | AW1: Full|10-year|Coronary Heart Disease|Men | AX1: Full|10-year|Stroke|Women | AY1: Full|10-year|Stroke|Men | AZ1: Base|30-year|Total CVD|Women | BA1: Base|30-year|Total CVD|Men | BB1: Base|30-year|ASCVD|Women | BC1: Base|30-year|ASCVD|Men | BD1: Base|30-year|Heart Failure|Women | BE1: Base|30-year|Heart Failure|Men | BF1: Base|30-year|Coronary Heart Disease|Women | BG1: Base|30-year|Coronary Heart Disease|Men | BH1: Base|30-year|Stroke|Women | BI1: Base|30-year|Stroke|Men | BJ1: UACR|30-year|Total CVD|Women | BK1: UACR|30-year|Total CVD|Men | BL1: UACR|30-year|ASCVD|Women | BM1: UACR|30-year|ASCVD|Men | BN1: UACR|30-year|Heart Failure|Women | BO1: UACR|30-year|Heart Failure|Men | BP1: UACR|30-year|Coronary Heart Disease|Women | BQ1: UACR|30-year|Coronary Heart Disease|Men | BR1: UACR|30-year|Stroke|Women | BS1: UACR|30-year|Stroke|Men | BT1: HbA1c|30-year|Total CVD|Women | BU1: HbA1c|30-year|Total CVD|Men | BV1: HbA1c|30-year|ASCVD|Women | BW1: HbA1c|30-year|ASCVD|Men | BX1: HbA1c|30-year|Heart Failure|Women | BY1: HbA1c|30-year|Heart Failure|Men | BZ1: HbA1c|30-year|Coronary Heart Disease|Women | CA1: HbA1c|30-year|Coronary Heart Disease|Men | CB1: HbA1c|30-year|Stroke|Women | CC1: HbA1c|30-year|Stroke|Men | CD1: SDI|30-year|Total CVD|Women | CE1: SDI|30-year|Total CVD|Men | CF1: SDI|30-year|ASCVD|Women | CG1: SDI|30-year|ASCVD|Men | CH1: SDI|30-year|Heart Failure|Women | CI1: SDI|30-year|Heart Failure|Men | CJ1: SDI|30-year|Coronary Heart Disease|Women | CK1: SDI|30-year|Coronary Heart Disease|Men | CL1: SDI|30-year|Stroke|Women | CM1: SDI|30-year|Stroke|Men | CN1: Full|30-year|Total CVD|Women | CO1: Full|30-year|Total CVD|Men | CP1: Full|30-year|ASCVD|Women | CQ1: Full|30-year|ASCVD|Men | CR1: Full|30-year|Heart Failure|Women | CS1: Full|30-year|Heart Failure|Men | CT1: Full|30-year|Coronary Heart Disease|Women | CU1: Full|30-year|Coronary Heart Disease|Men | CV1: Full|30-year|Stroke|Women | CW1: Full|30-year|Stroke|Men
A2: Age per 10 years | B2: 0.7939329 | C2: 0.7688528 | D2: 0.719883 | E2: 0.7099847 | F2: 0.8998235 | G2: 0.8972642 | H2: 0.7587146 | I2: 0.7423283 | J2: 0.6907849 | K2: 0.722513 | L2: 0.7969249 | M2: 0.7768655 | N2: 0.7201999 | O2: 0.7141718 | P2: 0.9145975 | Q2: 0.9111795 | R2: 0.7614931 | S2: 0.7502946 | T2: 0.6930839 | U2: 0.7318016 | V2: 0.7858178 | W2: 0.7699177 | X2: 0.7111831 | Y2: 0.7064146 | Z2: 0.8997391 | AA2: 0.911787 | AB2: 0.7559415 | AC2: 0.7223642 | AD2: 0.6854957 | AE2: 0.7244468 | AF2: 0.7754083 | AG2: 0.7756377 | AH2: 0.7028123 | AI2: 0.7150087 | AJ2: 0.8819156 | AK2: 0.894179 | AL2: 0.7583013 | AM2: 0.7373893 | AN2: 0.6883817 | AO2: 0.7163792 | AP2: 0.7716794 | AQ2: 0.7847578 | AR2: 0.7023067 | AS2: 0.7128741 | AT2: 0.884209 | AU2: 0.9095703 | AV2: 0.7544208 | AW2: 0.7335852 | AX2: 0.6848394 | AY2: 0.7182761 | AZ2: 0.5503079 | BA2: 0.4627309 | BB2: 0.4669202 | BC2: 0.3994099 | BD2: 0.6254374 | BE2: 0.5681541 | BF2: 0.4912423 | BG2: 0.4171209 | BH2: 0.4366978 | BI2: 0.4003448 | BJ2: 0.5491768 | BK2: 0.464491 | BL2: 0.4629669 | BM2: 0.3995607 | BN2: 0.6319513 | BO2: 0.5750236 | BP2: 0.4898341 | BQ2: 0.420671 | BR2: 0.4354844 | BS2: 0.4058962 | BT2: 0.5343493 | BU2: 0.4519873 | BV2: 0.4555574 | BW2: 0.3883267 | BX2: 0.6210856 | BY2: 0.5703729 | BZ2: 0.4853187 | CA2: 0.3944508 | CB2: 0.4296679 | CC2: 0.397402 | CD2: 0.5124233 | CE2: 0.437377 | CF2: 0.4396545 | CG2: 0.3749788 | CH2: 0.5919097 | CI2: 0.5387527 | CJ2: 0.4784682 | CK2: 0.3865174 | CL2: 0.4233798 | CM2: 0.3727634 | CN2: 0.5073749 | CO2: 0.4427595 | CP2: 0.4386739 | CQ2: 0.3743566 | CR2: 0.5927507 | CS2: 0.5478829 | CT2: 0.47488 | CU2: 0.3858298 | CV2: 0.4203891 | CW2: 0.3762751
A3: Age per 10 years squared | B3: 0 | C3: 0 | D3: 0 | E3: 0 | F3: 0 | G3: 0 | H3: 0 | I3: 0 | J3: 0 | K3: 0 | L3: 0 | M3: 0 | N3: 0 | O3: 0 | P3: 0 | Q3: 0 | R3: 0 | S3: 0 | T3: 0 | U3: 0 | V3: 0 | W3: 0 | X3: 0 | Y3: 0 | Z3: 0 | AA3: 0 | AB3: 0 | AC3: 0 | AD3: 0 | AE3: 0 | AF3: 0 | AG3: 0 | AH3: 0 | AI3: 0 | AJ3: 0 | AK3: 0 | AL3: 0 | AM3: 0 | AN3: 0 | AO3: 0 | AP3: 0 | AQ3: 0 | AR3: 0 | AS3: 0 | AT3: 0 | AU3: 0 | AV3: 0 | AW3: 0 | AX3: 0 | AY3: 0 | AZ3: -0.0928369 | BA3: -0.0984281 | BB3: -0.0893118 | BC3: -0.0937484 | BD3: -0.0983038 | BE3: -0.1048388 | BF3: -0.0917078 | BG3: -0.0949994 | BH3: -0.0873673 | BI3: -0.0935927 | BJ3: -0.0937311 | BK3: -0.0998895 | BL3: -0.0902777 | BM3: -0.094557 | BN3: -0.1009284 | BO3: -0.1062268 | BP3: -0.0926865 | BQ3: -0.0959158 | BR3: -0.0881545 | BS3: -0.0942566 | BT3: -0.0952314 | BU3: -0.101624 | BV3: -0.0903501 | BW3: -0.0958114 | BX3: -0.1000972 | BY3: -0.1084544 | BZ3: -0.0929654 | CA3: -0.0956857 | CB3: -0.0883118 | CC3: -0.0953425 | CD3: -0.0978159 | CE3: -0.104443 | CF3: -0.0918489 | CG3: -0.0990063 | CH3: -0.1023133 | CI3: -0.1090333 | CJ3: -0.0949639 | CK3: -0.0992772 | CL3: -0.0903496 | CM3: -0.0968343 | CN3: -0.0981751 | CO3: -0.1064108 | CP3: -0.0921956 | CQ3: -0.0995499 | CR3: -0.1028754 | CS3: -0.1111928 | CT3: -0.0950733 | CU3: -0.0994131 | CV3: -0.0903905 | CW3: -0.0974722
A4: non-HDL-C per 1 mmol/L | B4: 0.0305239 | C4: 0.0736174 | D4: 0.1176967 | E4: 0.1658663 | F4: 0 | G4: 0 | H4: 0.1810949 | I4: 0.2572109 | J4: 0.0534279 | K4: 0.0263348 | L4: 0.0256635 | M4: 0.0659949 | N4: 0.1135771 | O4: 0.1602194 | P4: 0 | Q4: 0 | R4: 0.1765755 | S4: 0.2509378 | T4: 0.0497817 | U4: 0.0213625 | V4: 0.0194438 | W4: 0.0605093 | X4: 0.106797 | Y4: 0.1532267 | Z4: 0 | AA4: 0 | AB4: 0.1663933 | AC4: 0.2443591 | AD4: 0.043261 | AE4: 0.0134286 | AF4: 0.0221756 | AG4: 0.0715325 | AH4: 0.1056078 | AI4: 0.1627339 | AJ4: 0 | AK4: 0 | AL4: 0.1609442 | AM4: 0.2569383 | AN4: 0.0468715 | AO4: 0.0167351 | AP4: 0.0062109 | AQ4: 0.0534485 | AR4: 0.0898765 | AS4: 0.1465201 | AT4: 0 | AU4: 0 | AV4: 0.1403589 | AW4: 0.2403104 | AX4: 0.0327248 | AY4: 0.0008864 | AZ4: 0.0409794 | BA4: 0.0836088 | BB4: 0.1256901 | BC4: 0.1744643 | BD4: 0 | BE4: 0 | BF4: 0.1878256 | BG4: 0.2651913 | BH4: 0.0586334 | BI4: 0.0309419 | BJ4: 0.0359847 | BK4: 0.0757606 | BL4: 0.1215214 | BM4: 0.1686692 | BN4: 0 | BO4: 0 | BP4: 0.1833508 | BQ4: 0.2588159 | BR4: 0.0550003 | BS4: 0.0258703 | BT4: 0.0298124 | BU4: 0.0700456 | BV4: 0.1148321 | BW4: 0.1613374 | BX4: 0 | BY4: 0 | BZ4: 0.1733152 | CA4: 0.2519365 | CB4: 0.0487321 | CC4: 0.0180202 | CD4: 0.0322131 | CE4: 0.0812573 | CF4: 0.1132729 | CG4: 0.1708505 | CH4: 0 | CI4: 0 | CJ4: 0.1674501 | CK4: 0.2645934 | CL4: 0.0520837 | CM4: 0.0212833 | CN4: 0.0162303 | CO4: 0.0629381 | CP4: 0.0977728 | CQ4: 0.1544808 | CR4: 0 | CS4: 0 | CT4: 0.1472475 | CU4: 0.2479637 | CV4: 0.0383085 | CW4: 0.005415
A5: HDL-C per 0.3 mmol/L | B5: -0.1606857 | C5: -0.0954431 | D5: -0.151185 | E5: -0.1144285 | F5: 0 | G5: 0 | H5: -0.2014507 | I5: -0.1820374 | J5: -0.1055109 | K5: -0.0248959 | L5: -0.1588107 | M5: -0.0951111 | N5: -0.1493506 | O5: -0.1139086 | P5: 0 | Q5: 0 | R5: -0.1996513 | S5: -0.1815561 | T5: -0.1036238 | U5: -0.025297 | V5: -0.1521964 | W5: -0.0888525 | X5: -0.1425745 | Y5: -0.1082166 | Z5: 0 | AA5: 0 | AB5: -0.1905004 | AC5: -0.1755236 | AD5: -0.0983793 | AE5: -0.0204357 | AF5: -0.1650828 | AG5: -0.0976775 | AH5: -0.1502263 | AI5: -0.1194988 | AJ5: 0 | AK5: 0 | AL5: -0.2079405 | AM5: -0.1900041 | AN5: -0.1034667 | AO5: -0.0265039 | AP5: -0.1547756 | AQ5: -0.0911282 | AR5: -0.1407316 | AS5: -0.1125794 | AT5: 0 | AU5: 0 | AV5: -0.1954699 | AW5: -0.1822238 | AX5: -0.0957615 | AY5: -0.0220683 | AZ5: -0.1663306 | BA5: -0.1029824 | BB5: -0.1542255 | BC5: -0.120203 | BD5: 0 | BE5: 0 | BF5: -0.2035703 | BG5: -0.1879446 | BH5: -0.1069016 | BI5: -0.0280763 | BJ5: -0.1642965 | BK5: -0.1031778 | BL5: -0.1522069 | BM5: -0.1202145 | BN5: 0 | BO5: 0 | BP5: -0.201611 | BQ5: -0.1879718 | BR5: -0.1048457 | BS5: -0.0290019 | BT5: -0.1578451 | BU5: -0.0968005 | BV5: -0.1458754 | BW5: -0.1144418 | BX5: 0 | BY5: 0 | BZ5: -0.1929452 | CA5: -0.181881 | CB5: -0.1001406 | CC5: -0.0242534 | CD5: -0.1717884 | CE5: -0.1069199 | CF5: -0.1544977 | CG5: -0.1272841 | CH5: 0 | CI5: 0 | CJ5: -0.2114148 | CK5: -0.1979722 | CL5: -0.1062861 | CM5: -0.0320627 | CN5: -0.1617147 | CO5: -0.1015427 | CP5: -0.1453525 | CQ5: -0.1215297 | CR5: 0 | CS5: 0 | CT5: -0.1993519 | CU5: -0.1913328 | CV5: -0.0989622 | CW5: -0.0287694
A6: SBP <110 per 20 mmHg | B6: -0.2394003 | C6: -0.4347345 | D6: -0.0835358 | E6: -0.2837212 | F6: -0.4559771 | G6: -0.6811466 | H6: -0.0881827 | I6: -0.3174515 | J6: -0.113078 | K6: -0.268104 | L6: -0.2255701 | M6: -0.420667 | N6: -0.0726677 | O6: -0.2719456 | P6: -0.4441346 | Q6: -0.6693649 | R6: -0.0760767 | S6: -0.3062719 | T6: -0.1018981 | U6: -0.2574602 | V6: -0.2296681 | W6: -0.417713 | X6: -0.0736824 | Y6: -0.2675288 | Z6: -0.4422749 | AA6: -0.6568071 | AB6: -0.0768509 | AC6: -0.3025745 | AD6: -0.1017197 | AE6: -0.2506963 | AF6: -0.2180808 | AG6: -0.5186614 | AH6: -0.0488757 | AI6: -0.363659 | AJ6: -0.4495491 | AK6: -0.7067398 | AL6: -0.0275333 | AM6: -0.4378936 | AN6: -0.0975923 | AO6: -0.2920414 | AP6: -0.1933123 | AQ6: -0.4921973 | AR6: -0.0256648 | AS6: -0.3387216 | AT6: -0.421474 | AU6: -0.6765184 | AV6: -0.0021814 | AW6: -0.414886 | AX6: -0.07474 | AY6: -0.2719759 | AZ6: -0.1628654 | BA6: -0.2140352 | BB6: -0.0018093 | BC6: -0.0665117 | BD6: -0.3919241 | BE6: -0.4761564 | BF6: -0.0030222 | BG6: -0.0971746 | BH6: -0.0317106 | BI6: -0.047704 | BJ6: -0.1483404 | BK6: -0.1990714 | BL6: 0.0092679 | BM6: -0.0555561 | BN6: -0.3787175 | BO6: -0.4633994 | BP6: 0.0091108 | BQ6: -0.0865129 | BR6: -0.0207028 | BS6: -0.0374802 | BT6: -0.1504488 | BU6: -0.1923527 | BV6: 0.0089323 | BW6: -0.0474338 | BX6: -0.3773697 | BY6: -0.4471767 | BZ6: 0.0092228 | CA6: -0.0829203 | CB6: -0.0199947 | CC6: -0.0283414 | CD6: -0.1364536 | CE6: -0.2786727 | CF6: 0.036315 | CG6: -0.1275555 | CH6: -0.3864727 | CI6: -0.4829094 | CJ6: 0.0615055 | CK6: -0.2006683 | CL6: -0.0125236 | CM6: -0.0508137 | CN6: -0.1111241 | CO6: -0.2542326 | CP6: 0.0590925 | CQ6: -0.1083968 | CR6: -0.3593781 | CS6: -0.4547346 | CT6: 0.085684 | CU6: -0.1837089 | CV6: 0.0088016 | CW6: -0.036424
A7: SBP ≥110 per 20 mmHg | B7: 0.3600781 | C7: 0.3362658 | D7: 0.3592852 | E7: 0.3239977 | F7: 0.3576505 | G7: 0.3634461 | H7: 0.3547731 | I7: 0.312778 | J7: 0.3665217 | K7: 0.3474634 | L7: 0.3396649 | M7: 0.3120151 | N7: 0.3436259 | O7: 0.3058719 | P7: 0.3260323 | Q7: 0.3290082 | R7: 0.3374299 | S7: 0.2951241 | T7: 0.3513877 | U7: 0.3284184 | V7: 0.3465777 | W7: 0.3288657 | X7: 0.3480844 | Y7: 0.3173809 | Z7: 0.3378691 | AA7: 0.3524645 | AB7: 0.339647 | AC7: 0.3056892 | AD7: 0.3565955 | AE7: 0.3408562 | AF7: 0.3381188 | AG7: 0.3235653 | AH7: 0.3402681 | AI7: 0.3179476 | AJ7: 0.3457405 | AK7: 0.350241 | AL7: 0.3427306 | AM7: 0.3091281 | AN7: 0.3471405 | AO7: 0.3400705 | AP7: 0.3071217 | AQ7: 0.2972415 | AR7: 0.314511 | AS7: 0.2980252 | AT7: 0.3002919 | AU7: 0.3111651 | AV7: 0.3127753 | AW7: 0.2880084 | AX7: 0.3237856 | AY7: 0.319957 | AZ7: 0.3299505 | BA7: 0.2904325 | BB7: 0.322949 | BC7: 0.2753037 | BD7: 0.3142295 | BE7: 0.30324 | BF7: 0.3111757 | BG7: 0.258931 | BH7: 0.3272741 | BI7: 0.2925734 | BJ7: 0.313353 | BK7: 0.2715816 | BL7: 0.3113609 | BM7: 0.2633566 | BN7: 0.2863393 | BO7: 0.2742874 | BP7: 0.2981863 | BQ7: 0.2477111 | BR7: 0.3165286 | BS7: 0.2801207 | BT7: 0.3173368 | BU7: 0.2827043 | BV7: 0.3139029 | BW7: 0.2691281 | BX7: 0.295316 | BY7: 0.2910152 | BZ7: 0.298244 | CA7: 0.2534596 | CB7: 0.3198382 | CC7: 0.2870641 | CD7: 0.3074443 | CE7: 0.2729256 | CF7: 0.3049229 | CG7: 0.2659339 | CH7: 0.301876 | CI7: 0.2843569 | CJ7: 0.3002582 | CK7: 0.253011 | CL7: 0.3097278 | CM7: 0.2836198 | CN7: 0.282946 | CO7: 0.2549679 | CP7: 0.2862862 | CQ7: 0.2555179 | CR7: 0.2628556 | CS7: 0.2527602 | CT7: 0.2781393 | CU7: 0.2417551 | CV7: 0.2940083 | CW7: 0.2733756
A8: Diabetes | B8: 0.8667604 | C8: 0.7692857 | D8: 0.8348585 | E8: 0.7189597 | F8: 1.038346 | G8: 0.923776 | H8: 0.9045358 | I8: 0.7485249 | J8: 0.8013721 | K8: 0.684699 | L8: 0.8047515 | M8: 0.698521 | N8: 0.7773094 | O8: 0.6600631 | P8: 0.9611365 | Q8: 0.8377655 | R8: 0.8515443 | S8: 0.6940439 | T8: 0.7371897 | U8: 0.6166399 | V8: 0.5366241 | W8: 0.4759471 | X8: 0.5112951 | Y8: 0.432604 | Z8: 0.681284 | AA8: 0.5849752 | AB8: 0.5632228 | AC8: 0.4874841 | AD8: 0.4609555 | AE8: 0.35355 | AF8: 0.8624372 | AG8: 0.7722496 | AH8: 0.838022 | AI8: 0.7156422 | AJ8: 1.02632 | AK8: 0.9252453 | AL8: 0.8984391 | AM8: 0.761924 | AN8: 0.8069261 | AO8: 0.6577977 | AP8: 0.496753 | AQ8: 0.4527054 | AR8: 0.4799217 | AS8: 0.399583 | AT8: 0.6170359 | AU8: 0.5535052 | AV8: 0.523075 | AW8: 0.4937277 | AX8: 0.4441471 | AY8: 0.2728292 | AZ8: 0.6793894 | BA8: 0.5331276 | BB8: 0.6296707 | BC8: 0.4790257 | BD8: 0.8330787 | BE8: 0.6840338 | BF8: 0.6803247 | BG8: 0.4956463 | BH8: 0.5841726 | BI8: 0.4236823 | BJ8: 0.6253766 | BK8: 0.4754637 | BL8: 0.581256 | BM8: 0.4362036 | BN8: 0.7631221 | BO8: 0.612208 | BP8: 0.6378172 | BQ8: 0.4587997 | BR8: 0.530582 | BS8: 0.3729179 | BT8: 0.4314738 | BU8: 0.3417152 | BV8: 0.386281 | BW8: 0.2859773 | BX8: 0.5681692 | BY8: 0.4507242 | BZ8: 0.4210289 | CA8: 0.3298202 | CB8: 0.3270964 | CC8: 0.1894407 | CD8: 0.6709275 | CE8: 0.5279006 | CF8: 0.6344794 | CG8: 0.4676531 | CH8: 0.8162909 | CI8: 0.6827667 | CJ8: 0.6732723 | CK8: 0.5076949 | CL8: 0.5894313 | CM8: 0.3944883 | CN8: 0.4004069 | CO8: 0.333835 | CP8: 0.3669136 | CQ8: 0.2696998 | CR8: 0.5113472 | CS8: 0.4385384 | CT8: 0.3939798 | CU8: 0.3599971 | CV8: 0.323036 | CW8: 0.1287781
A9: Current smoking | B9: 0.5360739 | C9: 0.4386871 | D9: 0.4831078 | E9: 0.3956973 | F9: 0.583916 | G9: 0.5023736 | H9: 0.5410917 | I9: 0.3912047 | J9: 0.4187039 | K9: 0.3874844 | L9: 0.5285338 | M9: 0.4314669 | N9: 0.4746662 | O9: 0.3884022 | P9: 0.5755787 | Q9: 0.4978917 | R9: 0.5327847 | S9: 0.3853768 | T9: 0.4124697 | U9: 0.3835512 | V9: 0.5411682 | W9: 0.4385663 | X9: 0.4880292 | Y9: 0.3958842 | Z9: 0.5886005 | AA9: 0.5014014 | AB9: 0.5478 | AC9: 0.3942456 | AD9: 0.4198301 | AE9: 0.3854904 | AF9: 0.4663953 | AG9: 0.3761129 | AH9: 0.4064592 | AI9: 0.3404477 | AJ9: 0.5371646 | AK9: 0.4364765 | AL9: 0.4576379 | AM9: 0.3312286 | AN9: 0.3665732 | AO9: 0.3475259 | AP9: 0.466605 | AQ9: 0.3726641 | AR9: 0.4062049 | AS9: 0.3379111 | AT9: 0.5380269 | AU9: 0.4326811 | AV9: 0.4594228 | AW9: 0.3326075 | AX9: 0.3636951 | AY9: 0.3426763 | AZ9: 0.3196112 | BA9: 0.2141914 | BB9: 0.268292 | BC9: 0.1782635 | BD9: 0.3438651 | BE9: 0.2656273 | BF9: 0.3215313 | BG9: 0.1728844 | BH9: 0.2045681 | BI9: 0.1675238 | BJ9: 0.3147172 | BK9: 0.2069672 | BL9: 0.263167 | BM9: 0.1716233 | BN9: 0.3355843 | BO9: 0.2614987 | BP9: 0.3162011 | BQ9: 0.1677282 | BR9: 0.2019636 | BS9: 0.1649756 | BT9: 0.3209399 | BU9: 0.2105272 | BV9: 0.2714309 | BW9: 0.1759553 | BX9: 0.3449139 | BY9: 0.259585 | BZ9: 0.3254237 | CA9: 0.1773379 | CB9: 0.2039542 | CC9: 0.1632278 | CD9: 0.2897728 | CE9: 0.1878949 | CF9: 0.234514 | CG9: 0.1610104 | CH9: 0.3449647 | CI9: 0.2406677 | CJ9: 0.2797966 | CK9: 0.1515368 | CL9: 0.1937933 | CM9: 0.1687114 | CN9: 0.2918701 | CO9: 0.1873833 | CP9: 0.2354695 | CQ9: 0.1628432 | CR9: 0.347344 | CS9: 0.2397952 | CT9: 0.2832155 | CU9: 0.1581048 | CV9: 0.1925302 | CW9: 0.1683627
A10: BMI <30, per 5 kg/m2 | B10: 0 | C10: 0 | D10: 0 | E10: 0 | F10: -0.0072294 | G10: -0.0485841 | H10: 0 | I10: 0 | J10: 0 | K10: 0 | L10: 0 | M10: 0 | N10: 0 | O10: 0 | P10: 0.0008831 | Q10: -0.042749 | R10: 0 | S10: 0 | T10: 0 | U10: 0 | V10: 0 | W10: 0 | X10: 0 | Y10: 0 | Z10: -0.0148657 | AA10: -0.0512352 | AB10: 0 | AC10: 0 | AD10: 0 | AE10: 0 | AF10: 0 | AG10: 0 | AH10: 0 | AI10: 0 | AJ10: -0.0168447 | AK10: -0.0866297 | AL10: 0 | AM10: 0 | AN10: 0 | AO10: 0 | AP10: 0 | AQ10: 0 | AR10: 0 | AS10: 0 | AT10: -0.0191335 | AU10: -0.0854286 | AV10: 0 | AW10: 0 | AX10: 0 | AY10: 0 | AZ10: 0 | BA10: 0 | BB10: 0 | BC10: 0 | BD10: 0.0594874 | BE10: 0.0833107 | BF10: 0 | BG10: 0 | BH10: 0 | BI10: 0 | BJ10: 0 | BK10: 0 | BL10: 0 | BM10: 0 | BN10: 0.0677084 | BO10: 0.0895459 | BP10: 0 | BQ10: 0 | BR10: 0 | BS10: 0 | BT10: 0 | BU10: 0 | BV10: 0 | BW10: 0 | BX10: 0.0540094 | BY10: 0.0850676 | BZ10: 0 | CA10: 0 | CB10: 0 | CC10: 0 | CD10: 0 | CE10: 0 | CF10: 0 | CG10: 0 | CH10: 0.0574975 | CI10: 0.0618028 | CJ10: 0 | CK10: 0 | CL10: 0 | CM10: 0 | CN10: 0 | CO10: 0 | CP10: 0 | CQ10: 0 | CR10: 0.0564656 | CS10: 0.0640931 | CT10: 0 | CU10: 0 | CV10: 0 | CW10: 0
A11: BMI 30+, per 5 kg/m2 | B11: 0 | C11: 0 | D11: 0 | E11: 0 | F11: 0.2997706 | G11: 0.3726929 | H11: 0 | I11: 0 | J11: 0 | K11: 0 | L11: 0 | M11: 0 | N11: 0 | O11: 0 | P11: 0.2988964 | Q11: 0.3624165 | R11: 0 | S11: 0 | T11: 0 | U11: 0 | V11: 0 | W11: 0 | X11: 0 | Y11: 0 | Z11: 0.2958374 | AA11: 0.365294 | AB11: 0 | AC11: 0 | AD11: 0 | AE11: 0 | AF11: 0 | AG11: 0 | AH11: 0 | AI11: 0 | AJ11: 0.2805126 | AK11: 0.3706765 | AL11: 0 | AM11: 0 | AN11: 0 | AO11: 0 | AP11: 0 | AQ11: 0 | AR11: 0 | AS11: 0 | AT11: 0.2764302 | AU11: 0.3551736 | AV11: 0 | AW11: 0 | AX11: 0 | AY11: 0 | AZ11: 0 | BA11: 0 | BB11: 0 | BC11: 0 | BD11: 0.2525536 | BE11: 0.26999 | BF11: 0 | BG11: 0 | BH11: 0 | BI11: 0 | BJ11: 0 | BK11: 0 | BL11: 0 | BM11: 0 | BN11: 0.2517238 | BO11: 0.2632424 | BP11: 0 | BQ11: 0 | BR11: 0 | BS11: 0 | BT11: 0 | BU11: 0 | BV11: 0 | BW11: 0 | BX11: 0.249767 | BY11: 0.2637222 | BZ11: 0 | CA11: 0 | CB11: 0 | CC11: 0 | CD11: 0 | CE11: 0 | CF11: 0 | CG11: 0 | CH11: 0.2367826 | CI11: 0.2705615 | CJ11: 0 | CK11: 0 | CL11: 0 | CM11: 0 | CN11: 0 | CO11: 0 | CP11: 0 | CQ11: 0 | CR11: 0.2363857 | CS11: 0.2643081 | CT11: 0 | CU11: 0 | CV11: 0 | CW11: 0
A12: eGFR <60, per -15 ml | B12: 0.6045917 | C12: 0.5378979 | D12: 0.4864619 | E12: 0.3690075 | F12: 0.7451638 | G12: 0.6926917 | H12: 0.5198725 | I12: 0.376487 | J12: 0.4539767 | K12: 0.3877827 | L12: 0.4803511 | M12: 0.3841364 | N12: 0.3824646 | O12: 0.2466316 | P12: 0.5915291 | Q12: 0.5075796 | R12: 0.4067587 | S12: 0.2541989 | T12: 0.3574419 | U12: 0.2677033 | V12: 0.5931898 | W12: 0.5334616 | X12: 0.4754997 | Y12: 0.3665014 | Z12: 0.73447 | AA12: 0.6892219 | AB12: 0.5105085 | AC12: 0.3748008 | AD12: 0.4436518 | AE12: 0.3869787 | AF12: 0.5919004 | AG12: 0.5180893 | AH12: 0.4838394 | AI12: 0.3545754 | AJ12: 0.7315223 | AK12: 0.6696768 | AL12: 0.5195616 | AM12: 0.3577071 | AN12: 0.452297 | AO12: 0.381238 | AP12: 0.4780697 | AQ12: 0.3886854 | AR12: 0.3847744 | AS12: 0.2582604 | AT12: 0.5975847 | AU12: 0.5102245 | AV12: 0.4173237 | AW12: 0.2586836 | AX12: 0.3629529 | AY12: 0.2907134 | AZ12: 0.1857101 | BA12: 0.1155556 | BB12: 0.100106 | BC12: -0.0218789 | BD12: 0.2981642 | BE12: 0.2541805 | BF12: 0.1252615 | BG12: -0.0091955 | BH12: 0.0765812 | BI12: -0.0009216 | BJ12: 0.1094663 | BK12: 0.0331103 | BL12: 0.0391726 | BM12: -0.0775282 | BN12: 0.1940067 | BO12: 0.1430472 | BP12: 0.0561023 | BQ12: -0.0654866 | BR12: 0.0218821 | BS12: -0.0538202 | BT12: 0.1771435 | BU12: 0.1113291 | BV12: 0.0930987 | BW12: -0.0242898 | BX12: 0.2875781 | BY12: 0.2454706 | BZ12: 0.1183472 | CA12: -0.0059506 | CB12: 0.0699052 | CC12: -0.0027618 | CD12: 0.1670658 | CE12: 0.0866569 | CF12: 0.0898312 | CG12: -0.0465144 | CH12: 0.2790347 | CI12: 0.2255837 | CJ12: 0.1137308 | CK12: -0.0358612 | CL12: 0.06519 | CM12: -0.0124821 | CN12: 0.1017102 | CO12: 0.0246102 | CP12: 0.0354338 | CQ12: -0.077507 | CR12: 0.1971295 | CS12: 0.1354588 | CT12: 0.0585928 | CU12: -0.0707959 | CV12: 0.0206737 | CW12: -0.0386502
A13: eGFR 60+, per -15 ml | B13: 0.0433769 | C13: 0.0164827 | D13: 0.0397779 | E13: 0.0203619 | F13: 0.0557087 | G13: 0.0251827 | H13: 0.0325935 | I13: 0.0193687 | J13: 0.0515087 | K13: 0.0201965 | L13: 0.0434472 | M13: 0.009384 | N13: 0.0394178 | O13: 0.0151852 | P13: 0.0556823 | Q13: 0.0137716 | R13: 0.0325967 | S13: 0.0141383 | T13: 0.0505453 | U13: 0.0139698 | V13: 0.0472458 | W13: 0.0206431 | X13: 0.0438132 | Y13: 0.0250243 | Z13: 0.05926 | AA13: 0.0292377 | AB13: 0.0381344 | AC13: 0.0250407 | AD13: 0.0544989 | AE13: 0.0237663 | AF13: 0.0516821 | AG13: 0.0118451 | AH13: 0.0480415 | AI13: 0.0157875 | AJ13: 0.0651679 | AK13: 0.0237374 | AL13: 0.0352758 | AM13: 0.0122218 | AN13: 0.0599795 | AO13: 0.0221544 | AP13: 0.0529077 | AQ13: 0.0081661 | AR13: 0.0495174 | AS13: 0.0147769 | AT13: 0.0654197 | AU13: 0.015472 | AV13: 0.0385169 | AW13: 0.0124978 | AX13: 0.0603154 | AY13: 0.0186548 | AZ13: 0.0553528 | BA13: 0.0603775 | BB13: 0.0499663 | BC13: 0.0602553 | BD13: 0.0667159 | BE13: 0.0638923 | BF13: 0.0414579 | BG13: 0.0578155 | BH13: 0.0603226 | BI13: 0.0575221 | BJ13: 0.0550705 | BK13: 0.0540474 | BL13: 0.0492959 | BM13: 0.0561236 | BN13: 0.0664006 | BO13: 0.0535184 | BP13: 0.0412012 | BQ13: 0.0537308 | BR13: 0.059055 | BS13: 0.0524689 | BT13: 0.0582828 | BU13: 0.0640135 | BV13: 0.0532216 | BW13: 0.0644523 | BX13: 0.0692013 | BY13: 0.0675649 | BZ13: 0.0462805 | CA13: 0.0625623 | CB13: 0.062555 | CC13: 0.0605617 | CD13: 0.0618439 | CE13: 0.0594948 | CF13: 0.0564502 | CG13: 0.0596996 | CH13: 0.0742645 | CI13: 0.0653632 | CJ13: 0.042602 | CK13: 0.0544152 | CL13: 0.0674916 | CM13: 0.0633358 | CN13: 0.0622643 | CO13: 0.0552014 | CP13: 0.0573093 | CQ13: 0.0583407 | CR13: 0.0735227 | CS13: 0.0570689 | CT13: 0.0452655 | CU13: 0.054403 | CV13: 0.0672637 | CW13: 0.0596336
... A33: Constant | B33: -3.307728 | C33: -3.031168 | D33: -3.819975 | E33: -3.500655 | F33: -4.310409 | G33: -3.946391 | H33: -4.608751 | I33: -4.156753 | J33: -4.409199 | K33: -4.20881 | L33: -3.738341 | M33: -3.510705 | N33: -4.174614 | O33: -3.85146 | P33: -4.841506 | Q33: -4.556907 | R33: -4.989932 | S33: -4.50564 | T33: -4.722218 | U33: -4.594023 | V33: -3.306162 | W33: -3.040901 | X33: -3.838746 | Y33: -3.51835 | Z33: -4.288225 | AA33: -3.961954 | AB33: -4.667457 | AC33: -4.219654 | AD33: -4.396448 | AE33: -4.179346 | AF33: -3.461564 | AG33: -3.159572 | AH33: -3.955898 | AI33: -3.624712 | AJ33: -4.409382 | AK33: -4.058977 | AL33: -4.754823 | AM33: -4.254527 | AN33: -4.520553 | AO33: -4.37499 | AP33: -3.860385 | AQ33: -3.631387 | AR33: -4.291503 | AS33: -3.969788 | AT33: -4.896524 | AU33: -4.663513 | AV33: -5.131505 | AW33: -4.629874 | AX33: -4.800802 | AY33: -4.683048 | AZ33: -1.318827 | BA33: -1.148204 | BB33: -1.974074 | BC33: -1.736444 | BD33: -2.205379 | BE33: -1.95751 | BF33: -2.733866 | BG33: -2.376762 | BH33: -2.62078 | BI33: -2.458022 | BJ33: -1.583738 | BK33: -1.398727 | BL33: -2.178888 | BM33: -1.873449 | BN33: -2.538952 | BO33: -2.314872 | BP33: -2.958872 | BQ33: -2.505263 | BR33: -2.780053 | BS33: -2.619781 | BT33: -1.341059 | BU33: -1.180767 | BV33: -2.011533 | BW33: -1.777708 | BX33: -2.193553 | BY33: -1.974999 | BZ33: -2.802642 | CA33: -2.48433 | CB33: -2.618396 | CC33: -2.438154 | CD33: -1.493211 | CE33: -1.251031 | CF33: -2.116951 | CG33: -1.836632 | CH33: -2.317899 | CI33: -2.060187 | CJ33: -2.860998 | CK33: -2.459219 | CL33: -2.714965 | CM33: -2.609552 | CN33: -1.748475 | CO33: -1.504558 | CP33: -2.314066 | CQ33: -1.985368 | CR33: -2.642208 | CS33: -2.425439 | CT33: -3.099189 | CU33: -2.643083 | CV33: -2.858449 | CW33: -2.713952
